id,field,value,,,,,,,,,,,,,,,,,,,,,,,,,,,,,,,,,,,,,,,,,,,,,,,,,,,,,,,,,,,,,,,,,,,,,,,,,,,,,,,,,,,,,,,,,,,,,,,,,,,,,,,,,,,,,,,,,,,,,,,,,,,,,,,,,,,,,,,,,,,,,,,,,,,,,,,,,,,,,,,,,,,,,,,,,,,,,,,,,,,,,,,,,,,,,,,,,,,,,,,,,,,,,,,,,,,,,,,,,,,,,,,,,,,,,,,,,,,,,,,,,,,,,,,,,,,,,,,,,,,,
wfDomainServiceConfig,wfDomainServiceConfig,"{\wfstates\"":[{\""state\"":\""INITIATE\""","\""isStartState\"":true","\""isLastState\"":false","\""isNotificationEnable\"":false","\""actions\"":[{\""action\"":\""INITIATE\""","\""nextState\"":\""IN_PROGRESS\""","\""roles\"":[\""USER\""]}]}","{\""state\"":\""IN_PROGRESS\""","\""isStartState\"":false","\""isLastState\"":false","\""isNotificationEnable\"":false","\""actions\"":[{\""action\"":\""APPROVE\""","\""nextState\"":\""APPROVED\""","\""roles\"":[\""MDO_ADMIN\""","\""ADMIN\""]}","{\""action\"":\""REJECT\""","\""nextState\"":\""REJECTED\""","\""roles\"":[\""MDO_ADMIN\""","\""ADMIN\""]}]}","{\""state\"":\""APPROVED\""","\""isStartState\"":false","\""isLastState\"":true","\""isNotificationEnable\"":true}","{\""state\"":\""REJECTED\""","\""isStartState\"":false","\""isLastState\"":true","\""isNotificationEnable\"":true}]}""",,,,,,,,,,,,,,,,,,,,,,,,,,,,,,,,,,,,,,,,,,,,,,,,,,,,,,,,,,,,,,,,,,,,,,,,,,,,,,,,,,,,,,,,,,,,,,,,,,,,,,,,,,,,,,,,,,,,,,,,,,,,,,,,,,,,,,,,,,,,,,,,,,,,,,,,,,,,,,,,,,,,,,,,,,,,,,,,,,,,,,,,,,,,,,,,,,,,,,,,,,,,,,,,,,,,,,,,,,,,,,,,,,,,,,,,,,
wfProfileServiceConfig,wfProfileServiceConfig,"{\wfstates\"":[{\""state\"":\""INITIATE\""","\""isStartState\"":true","\""isLastState\"":false","\""isNotificationEnable\"":false","\""actions\"":[{\""action\"":\""INITIATE\""","\""nextState\"":\""SEND_FOR_APPROVAL\""","\""roles\"":[\""USER\""]}]}","{\""state\"":\""SEND_FOR_APPROVAL\""","\""isStartState\"":false","\""isLastState\"":false","\""isNotificationEnable\"":true","\""actions\"":[{\""action\"":\""APPROVE\""","\""nextState\"":\""APPROVED\""","\""roles\"":[\""MDO_ADMIN\""","\""ADMIN\""]}","{\""action\"":\""REJECT\""","\""nextState\"":\""REJECTED\""","\""roles\"":[\""MDO_ADMIN\""","\""ADMIN\""]}]}","{\""state\"":\""APPROVED\""","\""isStartState\"":false","\""isLastState\"":true","\""isNotificationEnable\"":true}","{\""state\"":\""REJECTED\""","\""isStartState\"":false","\""isLastState\"":true","\""isNotificationEnable\"":true}]}""",,,,,,,,,,,,,,,,,,,,,,,,,,,,,,,,,,,,,,,,,,,,,,,,,,,,,,,,,,,,,,,,,,,,,,,,,,,,,,,,,,,,,,,,,,,,,,,,,,,,,,,,,,,,,,,,,,,,,,,,,,,,,,,,,,,,,,,,,,,,,,,,,,,,,,,,,,,,,,,,,,,,,,,,,,,,,,,,,,,,,,,,,,,,,,,,,,,,,,,,,,,,,,,,,,,,,,,,,,,,,,,,,,,,,,,,,,
orgTypeList,orgTypeList,"{\orgTypeList\"":[{\""name\"":\""SPV\""","\""flags\"":[\""isSpv\""]","\""roles\"":[\""SPV_ADMIN\""","\""PUBLIC\""]","\""isHidden\"":true}","{\""name\"":\""CBC\""","\""flags\"":[\""isCbc\""]","\""roles\"":[\""CBC_ADMIN\""","\""CBC_MEMBER\""","\""PUBLIC\""]","\""isHidden\"":true}","{\""name\"":\""CBP\""","\""subTypeList\"":[\""Board\""","\""External\""","\""GovtAffiliated\""]","\""flags\"":[\""isCbp\""]","\""roles\"":[\""CBP_ADMIN\""","\""CONTENT_CREATOR\""","\""CONTENT_REVIEWER\""","\""CONTENT_PUBLISHER\""","\""PUBLIC\""","\""PROGRAM_COORDINATOR\""]","\""isHidden\"":false}","{\""name\"":\""MDO\""","\""subTypeList\"":[\""Board\""","\""Department\""","\""Ministry\""]","\""flags\"":[\""isMdo\""]","\""roles\"":[\""CBP_ADMIN\""","\""CONTENT_CREATOR\""","\""CONTENT_REVIEWER\""","\""CONTENT_PUBLISHER\""","\""FRAC_ADMIN\""","\""FRAC_COMPETENCY_MEMBER\""","\""FRAC_COMPETENCY_REVIEWER\""","\""FRAC_REVIEWER_L1\""","\""FRAC_REVIEWER_L2\""","\""IFU_MEMBER\""","\""MDO_ADMIN\""","\""MDO_LEADER\""","\""PUBLIC\""","\""WAT_MEMBER\""","\""PROGRAM_COORDINATOR\""]","\""isHidden\"":false}","{\""name\"":\""STATE\""","\""subTypeList\"":[\""Board\""","\""Department\""","\""Ministry\""]","\""flags\"":[\""isState\""]","\""roles\"":[\""STATE_ADMIN\""","\""PUBLIC\""]","\""isHidden\"":false}","{\""name\"":\""MINISTRY\""","\""subTypeList\"":[\""Board\""","\""Department\""","\""Ministry\""]","\""flags\"":[\""isMinistry\""]","\""roles\"":[\""SPV_ADMIN\""","\""PUBLIC\""]","\""isHidden\"":false}]}""",,,,,,,,,,,,,,,,,,,,,,,,,,,,,,,,,,,,,,,,,,,,,,,,,,,,,,,,,,,,,,,,,,,,,,,,,,,,,,,,,,,,,,,,,,,,,,,,,,,,,,,,,,,,,,,,,,,,,,,,,,,,,,,,,,,,,,,,,,,,,,,,,,,,,,,,,,,,,,,,,,,,,,,,,,,,,,,,,,,,,,,,,,,,,,,,,,,,,,,,,
wfUserRegService,wfUserRegService,"{\wfstates\"":[{\""state\"":\""INITIATE\""","\""isStartState\"":true","\""isLastState\"":false","\""isNotificationEnable\"":false","\""actions\"":[{\""action\"":\""INITIATE\""","\""nextState\"":\""WF_INITIATED\""","\""roles\"":[\""USER\""]}]}","{\""state\"":\""WF_INITIATED\""","\""isStartState\"":false","\""isLastState\"":false","\""isNotificationEnable\"":true","\""actions\"":[{\""action\"":\""APPROVE\""","\""nextState\"":\""WF_APPROVED\""","\""roles\"":[\""MDO_ADMIN\""]}","{\""action\"":\""REJECT\""","\""nextState\"":\""WF_DENIED\""","\""roles\"":[\""MDO_ADMIN\""]}]}","{\""state\"":\""WF_APPROVED\""","\""isStartState\"":false","\""isLastState\"":true","\""isNotificationEnable\"":true","\""actions\"":[]}","{\""state\"":\""WF_DENIED\""","\""isStartState\"":false","\""isLastState\"":true","\""isNotificationEnable\"":true","\""actions\"":[]}]}""",,,,,,,,,,,,,,,,,,,,,,,,,,,,,,,,,,,,,,,,,,,,,,,,,,,,,,,,,,,,,,,,,,,,,,,,,,,,,,,,,,,,,,,,,,,,,,,,,,,,,,,,,,,,,,,,,,,,,,,,,,,,,,,,,,,,,,,,,,,,,,,,,,,,,,,,,,,,,,,,,,,,,,,,,,,,,,,,,,,,,,,,,,,,,,,,,,,,,,,,,,,,,,,,,,,,,,,,,,,,,,,,,,,,,,,,,,
notificationPreference,notificationPreference,"{\defaultNotificationDuration\"":{\""occurance\"":\""weekly\""","\""day\"":\""Monday\""","\""time\"":\""0800\""}","\""notificationPreferenceList\"":[{\""id\"":\""incompleteCourseReminder\""","\""displayName\"":\""Incomplete Course Reminder\""","\""isVisible\"":true","\""helpText\"":\""Enable this notification to receive periodic updates on your impcomplete courses.\""","\""labelText\"":\""Incomplete Course Reminder\""","\""notificationDuration\"":{\""occurance\"":\""weekly\""","\""day\"":\""Firday\""","\""time\"":\""0800\""}}","{\""id\"":\""latestCourseAlert\""","\""displayName\"":\""Latest Course Alert\""","\""isVisible\"":true","\""helpText\"":\""Enable this notification to receive periodic updates on latest courses published in the System.\""","\""labelText\"":\""Latest Course Alert\""","\""notificationDuration\"":{\""occurance\"":\""weekly\""","\""day\"":\""Firday\""","\""time\"":\""0800\""}}]}""",,,,,,,,,,,,,,,,,,,,,,,,,,,,,,,,,,,,,,,,,,,,,,,,,,,,,,,,,,,,,,,,,,,,,,,,,,,,,,,,,,,,,,,,,,,,,,,,,,,,,,,,,,,,,,,,,,,,,,,,,,,,,,,,,,,,,,,,,,,,,,,,,,,,,,,,,,,,,,,,,,,,,,,,,,,,,,,,,,,,,,,,,,,,,,,,,,,,,,,,,,,,,,,,,,,,,,,,,,,,,,,,,,,,,,,,,,,,,,,,,,
userProfileConfig,userProfileConfig,"{\fields\"":[\""firstName\""","\""lastName\""","\""profileSummary\""","\""avatar\""","\""countryCode\""","\""dob\""","\""email\""","\""gender\""","\""grade\""","\""language\""","\""location\""","\""phone\""","\""subject\""","\""userName\""","\""webPages\""","\""jobProfile\""","\""address\""","\""education\""","\""skills\""","\""badgeAssertions\""]","\""publicFields\"":[\""firstName\""","\""lastName\""","\""profileSummary\""","\""userName\""]","\""privateFields\"":[\""email\""","\""phone\""]","\""csv\"":{\""supportedColumns\"":{\""NAME\"":\""firstName\""","\""MOBILE PHONE\"":\""phone\""","\""EMAIL\"":\""email\""","\""SCHOOL ID\"":\""orgId\""","\""USER_TYPE\"":\""userType\""","\""ROLES\"":\""roles\""","\""USER ID\"":\""userId\""","\""SCHOOL EXTERNAL ID\"":\""orgExternalId\""}","\""outputColumns\"":{\""userId\"":\""USER ID\""","\""firstName\"":\""NAME\""","\""phone\"":\""MOBILE PHONE\""","\""email\"":\""EMAIL\""","\""orgId\"":\""SCHOOL ID\""","\""orgName\"":\""SCHOOL NAME\""","\""userType\"":\""USER_TYPE\""","\""orgExternalId\"":\""SCHOOL EXTERNAL ID\""}","\""outputColumnsOrder\"":[\""userId\""","\""firstName\""","\""phone\""","\""email\""","\""organisationId\""","\""orgName\""","\""userType\""","\""orgExternalId\""]","\""mandatoryColumns\"":[\""firstName\""","\""userType\""","\""roles\""]}","\""read\"":{\""excludedFields\"":[\""avatar\""","\""jobProfile\""","\""address\""","\""education\""","\""webPages\""","\""skills\""]}","\""framework\"":{\""fields\"":[\""board\""","\""gradeLevel\""","\""medium\""","\""subject\""","\""id\""]","\""mandatoryFields\"":[\""id\""]}}""",,,,,,,,,,,,,,,,,,,,,,,,,,,,,,,,,,,,,,,,,,,,,,,,,,,,,,,,,,,,,,,,,,,,,,,,,,,,,,,,,,,,,,,,,,,,,,,,,,,,,,,,,,,,,,,,,,,,,,,,,,,,,,,,,,,,,,,,,,,,,,,,,,,,,,,,,,,,,,,,,,,,,,,,,,,,,,,,,,,,,,,,,,,,,,,,,,,,
extendedProfileSchemaConfig,extendedProfileSchemaConfig,"{\profileDetails.json\"":{\""$schema\"":\""http://json-schema.org/draft-07/schema\""","\""type\"":\""object\""","\""definitions\"":{\""@type\"":{\""type\"":\""string\""}","\""Gender\"":{\""type\"":\""string\""","\""enum\"":[\""Male\""","\""Female\""","\""Others\""]}","\""OrganisationType\"":{\""type\"":\""string\""","\""enum\"":[\""Government\""","\""Non-Government\""]}","\""PayType\"":{\""type\"":\""string\""","\""enum\"":[\""Pay Band\""","\""Grade Pay\""]}","\""DOB\"":{\""type\"":\""string\""","\""pattern\"":\""^(3[01]|[12][0-9]|0[1-9])-(1[0-2]|0[1-9])-[0-9]{4}$\""","\""$comment\"":\""DD-MM-YYYY format\""","\""example\"":\""01-01-1990\""}","\""Email\"":{\""type\"":\""string\""","\""pattern\"":\""^(.+)@(.+)$\""","\""example\"":\""user@domain.com or user@domain.co.in\""}","\""Mobile\"":{\""type\"":\""number\""","\""pattern\"":\""(0/91)?[7-9][0-9]{9}\""}","\""Telephone\"":{\""type\"":\""number\""}","\""MaritalStatus\"":{\""type\"":\""string\""","\""enum\"":[\""Married\""","\""Single\""]}","\""Year\"":{\""type\"":\""string\""","\""pattern\"":\""(^[0-9]{4}$)\""}","\""AcademicQualification\"":{\""type\"":\""string\""","\""enum\"":[\""BELOWSECONDARY\""","\""X_STANDARD\""","\""XII_STANDARD\""","\""GRADUATE\""","\""POSTGRADUATE\""","\""MPHIL\""","\""POSTDOC\""","\""PHD\""]}","\""CategoryType\"":{\""type\"":\""string\""","\""enum\"":[\""General\""","\""OBC\""","\""SC\""","\""ST\""]}","\""NonEmptyStr\"":{\""type\"":\""string\""","\""pattern\"":\""\\\\A(?!\\\\s*\\\\Z).+\""}}","\""properties\"":{\""photo\"":{\""type\"":\""string\""","\""contentEncoding\"":\""base64\""","\""mediaType\"":\""image/png\""}","\""verifiedKarmayogi\"":{\""type\"":\""boolean\""}","\""personalDetails\"":{\""type\"":\""object\""","\""title\"":\""The Personal Details Schema\""","\""required\"":[\""firstname\""","\""dob\""","\""nationality\""","\""domicileMedium\""","\""gender\""","\""maritalStatus\""","\""category\""","\""mobile\""","\""postalAddress\""","\""pincode\""]","\""properties\"":{\""signatures\"":{\""$id\"":\""#/properties/signatures\""","\""type\"":\""array\""","\""items\"":{\""type\"":\""object\""","\""title\"":\""The Signature Schema for the registry\""","\""required\"":[\""@type\""","\""signatureFor\""","\""creator\""","\""created\""","\""signatureValue\""]","\""properties\"":{\""@type\"":{\""$id\"":\""#/properties/@type\""","\""type\"":\""string\""","\""default\"":\""sc:RsaSignature2018\""","\""enum\"":[\""sc:LinkedDataSignature2015\""","\""sc:GraphSignature2012\""","\""sc:RsaSignature2018\""]}","\""signatureFor\"":{\""$id\"":\""#/properties/signatureFor\""","\""type\"":\""string\""","\""$comment\"":\""The attribute name or entity id you for which this is the signature\""","\""examples\"":[\""http://localhost:8080/serialNum\""","\""http://localhost:8080/9cba6ddd-330c-4a0d-929a-771bb12cb0d3\""]}","\""creator\"":{\""$id\"":\""#/properties/creator\""","\""type\"":\""string\""","\""format\"":\""uri\""","\""$comment\"":\""IRI where the public key associated could be retrieved\""","\""examples\"":[\""https://example.com/i/pat/keys/\""]}","\""created\"":{\""$id\"":\""#/properties/created\""","\""type\"":\""string\""","\""format\"":\""date-time\""","\""$comment\"":\""Timestamp\""","\""default\"":\""\""","\""examples\"":[\""2017-09-23T20:21:34Z\""]}","\""nonce\"":{\""$id\"":\""#/properties/nonce\""","\""type\"":\""string\""","\""$comment\"":\""Some unique value for tracking\""","\""examples\"":[\""guid\""]}","\""signatureValue\"":{\""$id\"":\""#/properties/signatureValue\""","\""type\"":\""string\""","\""$comment\"":\""Hash or signed value\""","\""examples\"":[\""eyiOiJKJeXAasddOEjgFWFXk\""]}}}","\""$comment\"":\""Placeholder for all verifiable claims\""}","\""firstname\"":{\""$id\"":\""#/properties/firstname\""","\""$ref\"":\""#/definitions/NonEmptyStr\""","\""$comment\"":\""User first name\""}","\""middlename\"":{\""$id\"":\""#/properties/middlename\""","\""type\"":\""string\""","\""$comment\"":\""User middle name\""}","\""gender\"":{\""$id\"":\""#/properties/gender\""","\""$ref\"":\""#/definitions/Gender\""}","\""dob\"":{\""$id\"":\""#/properties/dob\""","\""$ref\"":\""#/definitions/DOB\""}","\""nationalIdentifier\"":{\""$id\"":\""#/properties/nationalIdentifier\""","\""type\"":\""object\""","\""$comment\"":\""User aadhaarNumber"," pancard or any other refs\""}","\""category\"":{\""$id\"":\""#/properties/category\""","\""$ref\"":\""#/definitions/CategoryType\""}","\""nationality\"":{\""$id\"":\""#/properties/nationality\""","\""$ref\"":\""#/definitions/NonEmptyStr\""","\""$comment\"":\""Nationality\""}","\""primaryEmail\"":{\""$id\"":\""#/properties/primaryEmail\""","\""$ref\"":\""#/definitions/Email\""","\""$comment\"":\""Primary Email id\""}","\""officialEmail\"":{\""$id\"":\""#/properties/officialEmail\""","\""type\"":\""string\""","\""$comment\"":\""Official Email id\""}","\""personalEmail\"":{\""$id\"":\""#/properties/personalEmail\""","\""type\"":\""string\""","\""$comment\"":\""Personal Email id\""}","\""countryCode\"":{\""$id\"":\""#/properties/countryCode\""","\""type\"":\""string\""","\""$comment\"":\""Country Code\""}","\""mobile\"":{\""$id\"":\""#/properties/mobile\""","\""$ref\"":\""#/definitions/Mobile\""","\""$comment\"":\""mobile number\""}","\""telephone\"":{\""$id\"":\""#/properties/telephone\""","\""type\"":\""string\""","\""$comment\"":\""telephone number\""}","\""maritalStatus\"":{\""$id\"":\""#/properties/maritalStatus\""","\""$ref\"":\""#/definitions/MaritalStatus\""","\""$comment\"":\""Marital Status\""}","\""postalAddress\"":{\""$id\"":\""#/properties/postalAddress\""","\""$ref\"":\""#/definitions/NonEmptyStr\""","\""$comment\"":\""Postal Address\""}","\""pinCode\"":{\""$id\"":\""#/properties/pinCode\""","\""type\"":\""number\""}","\""domicileMedium\"":{\""$id\"":\""#/properties/domicileMedium\""","\""$ref\"":\""#/definitions/NonEmptyStr\""","\""$comment\"":\""Mother Tongue\""}","\""knownLanguages\"":{\""$id\"":\""#/properties/knownLanguages\""","\""type\"":\""array\""","\""$comment\"":\""known Languages\""}}}","\""academics\"":{\""$id\"":\""#/properties/academics\""","\""type\"":\""array\""","\""items\"":{\""type\"":\""object\""","\""required\"":[]","\""properties\"":{\""type\"":{\""$id\"":\""#/properties/type\""","\""type\"":\""string\""}","\""nameOfQualification\"":{\""$id\"":\""#/properties/nameOfQualification\""","\""type\"":\""string\""}","\""nameOfInstitute\"":{\""$id\"":\""#/properties/nameOfInstitute\""","\""type\"":\""string\""}","\""yearOfPassing\"":{\""$id\"":\""#/properties/yearOfPassing\""","\""type\"":\""string\""}}}}","\""additionalProperties\"":{\""type\"":\""object\""","\""required\"":[]","\""tag\"":{\""$id\"":\""#/properties/tag\""","\""type\"":\""array\""","\""items\"":{\""type\"":\""string\""","\""required\"":[]}}","\""externalSystemId\"":{\""$id\"":\""#/properties/externalSystemId\""","\""type\"":\""string\""}","\""externalSystem\"":{\""$id\"":\""#/properties/externalSystem\""","\""type\"":\""string\""}}}","\""professionalDetails\"":{\""$id\"":\""#/properties/professionalDetails\""","\""type\"":\""array\""","\""items\"":{\""type\"":\""object\""","\""required\"":[]","\""properties\"":{\""organisationType\"":{\""$id\"":\""#/properties/organisationType\""","\""$ref\"":\""#/definitions/OrganisationType\""}","\""name\"":{\""$id\"":\""#/properties/name\""","\""type\"":\""string\""}","\""nameOther\"":{\""$id\"":\""#/properties/nameOther\""","\""type\"":\""string\""}","\""industry\"":{\""$id\"":\""#/properties/industry\""","\""type\"":\""string\""}","\""industryOther\"":{\""$id\"":\""#/properties/industryOther\""","\""type\"":\""string\""}","\""designation\"":{\""$id\"":\""#/properties/designation\""","\""type\"":\""string\""}","\""group\"":{\""$id\"":\""#/properties/group\""","\""type\"":\""string\""}","\""designationOther\"":{\""$id\"":\""#/properties/designationOther\""","\""type\"":\""string\""}","\""location\"":{\""$id\"":\""#/properties/location\""","\""type\"":\""string\""}","\""locationOther\"":{\""$id\"":\""#/properties/locationOther\""","\""type\"":\""string\""}","\""responsibilities\"":{\""$id\"":\""#/properties/responsibilities\""","\""type\"":\""string\""}","\""doj\"":{\""$id\"":\""#/properties/doj\""","\""type\"":\""string\""}","\""description\"":{\""$id\"":\""#/properties/description\""","\""type\"":\""string\""}","\""completePostalAddress\"":{\""$id\"":\""#/properties/nationality\""","\""type\"":\""string\""}","\""additionalAttributes\"":{\""$id\"":\""#/properties/additionalAttributes\""","\""type\"":\""object\""}}}}","\""employmentDetails\"":{\""type\"":\""object\""","\""required\"":[]","\""properties\"":{\""service\"":{\""$id\"":\""#/properties/service\""","\""type\"":\""string\""}","\""cadre\"":{\""$id\"":\""#/properties/cadre\""","\""type\"":\""string\""}","\""allotmentYearOfService\"":{\""$id\"":\""#/properties/allotmentYearOfService\""","\""type\"":\""string\""}","\""dojOfService\"":{\""$id\"":\""#/properties/allotmentYearOfService\""","\""type\"":\""string\""}","\""payType\"":{\""$id\"":\""#/properties/payType\""","\""type\"":\""string\""}","\""civilListNo\"":{\""$id\"":\""#/properties/civilListNo\""","\""type\"":\""string\""}","\""employeeCode\"":{\""$id\"":\""#/properties/employeeCode\""","\""type\"":\""string\""}","\""officialPostalAddress\"":{\""$id\"":\""#/properties/officialPostalAddress\""","\""type\"":\""string\""}","\""pinCode\"":{\""$id\"":\""#/properties/pinCode\""","\""type\"":\""string\""}","\""departmentName\"":{\""$id\"":\""#/properties/departmentName\""","\""type\"":\""string\""}}}","\""skills\"":{\""type\"":\""object\""","\""required\"":[]","\""properties\"":{\""additionalSkills\"":{\""$id\"":\""#/properties/additionalSkills\""","\""type\"":\""string\""}","\""certificateDetails\"":{\""$id\"":\""#/properties/certificateDetails\""","\""type\"":\""string\""}}}","\""interests\"":{\""type\"":\""object\""","\""required\"":[]","\""properties\"":{\""professional\"":{\""$id\"":\""#/properties/professional\""","\""type\"":\""array\""}","\""hobbies\"":{\""$id\"":\""#/properties/hobbies\""","\""type\"":\""array\""}}}","\""competencies\"":{\""$id\"":\""#/properties/competencies\""","\""type\"":\""array\""","\""items\"":{\""type\"":\""object\""","\""required\"":[]","\""properties\"":{\""type\"":{\""$id\"":\""#/properties/type\""","\""type\"":\""string\""}","\""name\"":{\""$id\"":\""#/properties/name\""","\""type\"":\""string\""}","\""id\"":{\""$id\"":\""#/properties/id\""","\""type\"":\""string\""}","\""description\"":{\""$id\"":\""#/properties/description\""","\""type\"":\""string\""}","\""status\"":{\""$id\"":\""#/properties/status\""","\""type\"":\""string\""}","\""source\"":{\""$id\"":\""#/properties/source\""","\""type\"":\""string\""}","\""competencyType\"":{\""$id\"":\""#/properties/competencyType\""","\""type\"":\""string\""}}}}}","\""title\"":\""profileDetails\""","\""required\"":[\""personalDetails\""]}"""
mandatoryProfileFields,mandatoryProfileFields,"profileDetails.personalDetails.firstname, profileDetails.personalDetails.primaryEmail, profileDetails.personalDetails.mobile, profileDetails.personalDetails.nationality, profileDetails.personalDetails.dob, profileDetails.personalDetails.gender, profileDetails.personalDetails.maritalStatus, profileDetails.personalDetails.domicileMedium, profileDetails.personalDetails.postalAddress, profileDetails.personalDetails.category, profileDetails.personalDetails.pincode",,,,,,,,,,,,,,,,,,,,,,,,,,,,,,,,,,,,,,,,,,,,,,,,,,,,,,,,,,,,,,,,,,,,,,,,,,,,,,,,,,,,,,,,,,,,,,,,,,,,,,,,,,,,,,,,,,,,,,,,,,,,,,,,,,,,,,,,,,,,,,,,,,,,,,,,,,,,,,,,,,,,,,,,,,,,,,,,,,,,,,,,,,,,,,,,,,,,,,,,,,,,,,,,,,,,,,,,,,,,,,,,,,,,,,,,,,,,,,,,,,,,,,,,,,,,,,,,,,,,
workflowPatchConfig,workflowPatchConfig,professionalDetails,,,,,,,,,,,,,,,,,,,,,,,,,,,,,,,,,,,,,,,,,,,,,,,,,,,,,,,,,,,,,,,,,,,,,,,,,,,,,,,,,,,,,,,,,,,,,,,,,,,,,,,,,,,,,,,,,,,,,,,,,,,,,,,,,,,,,,,,,,,,,,,,,,,,,,,,,,,,,,,,,,,,,,,,,,,,,,,,,,,,,,,,,,,,,,,,,,,,,,,,,,,,,,,,,,,,,,,,,,,,,,,,,,,,,,,,,,,,,,,,,,,,,,,,,,,,,,,,,,,,
PatchConfig,PatchConfig,professionalDetails,,,,,,,,,,,,,,,,,,,,,,,,,,,,,,,,,,,,,,,,,,,,,,,,,,,,,,,,,,,,,,,,,,,,,,,,,,,,,,,,,,,,,,,,,,,,,,,,,,,,,,,,,,,,,,,,,,,,,,,,,,,,,,,,,,,,,,,,,,,,,,,,,,,,,,,,,,,,,,,,,,,,,,,,,,,,,,,,,,,,,,,,,,,,,,,,,,,,,,,,,,,,,,,,,,,,,,,,,,,,,,,,,,,,,,,,,,,,,,,,,,,,,,,,,,,,,,,,,,,,
tncConfig,tncConfig,"{\latestVersion\"":\""v1\""","\""v1\"":{\""url\"":\""{https://igot-sunbird.idc.tarento.com/app/tnc}\""}}""",,,,,,,,,,,,,,,,,,,,,,,,,,,,,,,,,,,,,,,,,,,,,,,,,,,,,,,,,,,,,,,,,,,,,,,,,,,,,,,,,,,,,,,,,,,,,,,,,,,,,,,,,,,,,,,,,,,,,,,,,,,,,,,,,,,,,,,,,,,,,,,,,,,,,,,,,,,,,,,,,,,,,,,,,,,,,,,,,,,,,,,,,,,,,,,,,,,,,,,,,,,,,,,,,,,,,,,,,,,,,,,,,,,,,,,,,,,,,,,,,,,,,,,,,,,,,,,,,,,
mas,ms,"profileDetails.personalDetails.firstname,profileDetails.personalDetails.primaryEmail,profileDetails.personalDetails.mobile",,,,,,,,,,,,,,,,,,,,,,,,,,,,,,,,,,,,,,,,,,,,,,,,,,,,,,,,,,,,,,,,,,,,,,,,,,,,,,,,,,,,,,,,,,,,,,,,,,,,,,,,,,,,,,,,,,,,,,,,,,,,,,,,,,,,,,,,,,,,,,,,,,,,,,,,,,,,,,,,,,,,,,,,,,,,,,,,,,,,,,,,,,,,,,,,,,,,,,,,,,,,,,,,,,,,,,,,,,,,,,,,,,,,,,,,,,,,,,,,,,,,,,,,,,,,,,,,,,,,
3,channelRegStatus,TRUE,,,,,,,,,,,,,,,,,,,,,,,,,,,,,,,,,,,,,,,,,,,,,,,,,,,,,,,,,,,,,,,,,,,,,,,,,,,,,,,,,,,,,,,,,,,,,,,,,,,,,,,,,,,,,,,,,,,,,,,,,,,,,,,,,,,,,,,,,,,,,,,,,,,,,,,,,,,,,,,,,,,,,,,,,,,,,,,,,,,,,,,,,,,,,,,,,,,,,,,,,,,,,,,,,,,,,,,,,,,,,,,,,,,,,,,,,,,,,,,,,,,,,,,,,,,,,,,,,,,,
workFlowConfig,workFlowConfig,"{\profile\"":{\""wfstates\"":[{\""state\"":\""INITIATE\""","\""isStartState\"":true","\""isLastState\"":false","\""isNotificationEnable\"":false","\""actions\"":[{\""action\"":\""INITIATE\""","\""nextState\"":\""SEND_FOR_APPROVAL\""","\""roles\"":[\""USER\""]}]}","{\""state\"":\""SEND_FOR_APPROVAL\""","\""isStartState\"":false","\""isLastState\"":false","\""isNotificationEnable\"":false","\""actions\"":[{\""action\"":\""APPROVE\""","\""nextState\"":\""APPROVED\""","\""roles\"":[\""MDO_ADMIN\""","\""ADMIN\""]}","{\""action\"":\""REJECT\""","\""nextState\"":\""REJECTED\""","\""roles\"":[\""MDO_ADMIN\""","\""ADMIN\""]}]}","{\""state\"":\""APPROVED\""","\""isStartState\"":false","\""isLastState\"":true","\""isNotificationEnable\"":true}","{\""state\"":\""REJECTED\""","\""isStartState\"":false","\""isLastState\"":true","\""isNotificationEnable\"":true}]}}""",,,,,,,,,,,,,,,,,,,,,,,,,,,,,,,,,,,,,,,,,,,,,,,,,,,,,,,,,,,,,,,,,,,,,,,,,,,,,,,,,,,,,,,,,,,,,,,,,,,,,,,,,,,,,,,,,,,,,,,,,,,,,,,,,,,,,,,,,,,,,,,,,,,,,,,,,,,,,,,,,,,,,,,,,,,,,,,,,,,,,,,,,,,,,,,,,,,,,,,,,,,,,,,,,,,,,,,,,,,,,,,,,,,,,,,,,,
custodianOrgChannel,custodianOrgChannel,igot,,,,,,,,,,,,,,,,,,,,,,,,,,,,,,,,,,,,,,,,,,,,,,,,,,,,,,,,,,,,,,,,,,,,,,,,,,,,,,,,,,,,,,,,,,,,,,,,,,,,,,,,,,,,,,,,,,,,,,,,,,,,,,,,,,,,,,,,,,,,,,,,,,,,,,,,,,,,,,,,,,,,,,,,,,,,,,,,,,,,,,,,,,,,,,,,,,,,,,,,,,,,,,,,,,,,,,,,,,,,,,,,,,,,,,,,,,,,,,,,,,,,,,,,,,,,,,,,,,,,
vm,vm,"{\$schema\"":\""http://json-schema.org/draft-04/schema#\""","\""type\"":\""object\""","\""properties\"":{\""employmentDetails\"":{\""type\"":\""object\""","\""properties\"":{\""allotmentYearOfService\"":{\""type\"":\""string\""}","\""departmentName\"":{\""type\"":\""string\""}","\""payType\"":{\""type\"":\""string\""}","\""civilListNo\"":{\""type\"":\""string\""}","\""service\"":{\""type\"":\""string\""}","\""officialPostalAddress\"":{\""type\"":\""string\""}","\""pinCode\"":{\""type\"":\""string\""}","\""cadre\"":{\""type\"":\""string\""}","\""employeeCode\"":{\""type\"":\""string\""}}","\""required\"":[\""departmentName\""]}","\""photo\"":{\""type\"":\""string\""}","\""academics\"":{\""type\"":\""array\""","\""items\"":[{\""type\"":\""object\""","\""properties\"":{\""nameOfQualification\"":{\""type\"":\""string\""}","\""yearOfPassing\"":{\""type\"":\""string\""}","\""nameOfInstitute\"":{\""type\"":\""string\""}","\""osid\"":{\""type\"":\""string\""}","\""type\"":{\""type\"":\""string\""}}","\""required\"":[]}]}","\""competencies\"":{\""type\"":\""array\""","\""items\"":[{\""type\"":\""object\""","\""properties\"":{\""competencyCBPCompletionLevelName\"":{\""type\"":\""string\""}","\""name\"":{\""type\"":\""string\""}","\""description\"":{\""type\"":\""string\""}","\""competencyCBPCompletionLevelValue\"":{\""type\"":\""string\""}","\""id\"":{\""type\"":\""string\""}","\""source\"":{\""type\"":\""string\""}","\""osid\"":{\""type\"":\""string\""}","\""type\"":{\""type\"":\""string\""}","\""competencyCBPCompletionLevel\"":{\""type\"":\""string\""}}","\""required\"":[]}","{\""type\"":\""object\""","\""properties\"":{\""competencyType\"":{\""type\"":\""string\""}","\""competencySelfAttestedLevel\"":{\""type\"":\""integer\""}","\""name\"":{\""type\"":\""string\""}","\""description\"":{\""type\"":\""string\""}","\""id\"":{\""type\"":\""string\""}","\""source\"":{\""type\"":\""string\""}","\""osid\"":{\""type\"":\""string\""}","\""type\"":{\""type\"":\""string\""}","\""competencySelfAttestedLevelValue\"":{\""type\"":\""string\""}","\""status\"":{\""type\"":\""string\""}}","\""required\"":[]}]}","\""userId\"":{\""type\"":\""string\""}","\""skills\"":{\""type\"":\""object\""","\""properties\"":{\""certificateDetails\"":{\""type\"":\""string\""}","\""additionalSkills\"":{\""type\"":\""string\""}}","\""required\"":[]}","\""userRoles\"":{\""type\"":\""array\""","\""items\"":[{\""type\"":\""object\""","\""properties\"":{\""description\"":{\""type\"":\""string\""}","\""designationOther\"":{\""type\"":\""string\""}","\""industry\"":{\""type\"":\""string\""}","\""osid\"":{\""type\"":\""string\""}","\""nameOther\"":{\""type\"":\""string\""}","\""organisationType\"":{\""type\"":\""string\""}","\""activities\"":{\""type\"":\""array\""","\""items\"":[{\""type\"":\""object\""","\""properties\"":{\""name\"":{\""type\"":\""string\""}}","\""required\"":[]}]}","\""name\"":{\""type\"":\""string\""}","\""location\"":{\""type\"":\""string\""}","\""designation\"":{\""type\"":\""string\""}","\""industryOther\"":{\""type\"":\""string\""}","\""completePostalAddress\"":{\""type\"":\""string\""}","\""doj\"":{\""type\"":\""string\""}","\""additionalAttributes\"":{\""type\"":\""object\""}}","\""required\"":[]}","{\""type\"":\""object\""","\""properties\"":{\""activities\"":{\""type\"":\""array\""","\""items\"":[{\""type\"":\""object\""","\""properties\"":{\""name\"":{\""type\"":\""string\""}}","\""required\"":[\""name\""]}]}","\""name\"":{\""type\"":\""string\""}","\""description\"":{\""type\"":\""string\""}","\""designationOther\"":{\""type\"":\""string\""}","\""industry\"":{\""type\"":\""string\""}","\""osid\"":{\""type\"":\""string\""}","\""designation\"":{\""type\"":\""string\""}","\""nameOther\"":{\""type\"":\""string\""}","\""industryOther\"":{\""type\"":\""string\""}","\""completePostalAddress\"":{\""type\"":\""string\""}","\""doj\"":{\""type\"":\""string\""}","\""additionalAttributes\"":{\""type\"":\""object\""}}","\""required\"":[]}","{\""type\"":\""object\""","\""properties\"":{\""activities\"":{\""type\"":\""array\""","\""items\"":[{\""type\"":\""object\""","\""properties\"":{\""name\"":{\""type\"":\""string\""}}","\""required\"":[]}","{\""type\"":\""object\""","\""properties\"":{\""name\"":{\""type\"":\""string\""}}","\""required\"":[]}]}","\""name\"":{\""type\"":\""string\""}","\""osid\"":{\""type\"":\""string\""}}","\""required\"":[]}]}","\""professionalDetails\"":{\""type\"":\""array\""","\""items\"":[{\""type\"":\""object\""","\""properties\"":{\""description\"":{\""type\"":\""string\""}","\""designationOther\"":{\""type\"":\""string\""}","\""industry\"":{\""type\"":\""string\""}","\""location\"":{\""type\"":\""string\""}","\""osid\"":{\""type\"":\""string\""}","\""designation\"":{\""type\"":\""string\""}","\""nameOther\"":{\""type\"":\""string\""}","\""industryOther\"":{\""type\"":\""string\""}","\""completePostalAddress\"":{\""type\"":\""string\""}","\""doj\"":{\""type\"":\""string\""}","\""additionalAttributes\"":{\""type\"":\""object\""}","\""organisationType\"":{\""type\"":\""string\""}}","\""required\"":[\""description\""","\""industry\""","\""location\""","\""designation\""","\""doj\""]}]}","\""personalDetails\"":{\""type\"":\""object\""","\""properties\"":{\""pincode\"":{\""type\"":\""string\""}","\""firstname\"":{\""type\"":\""string\""}","\""gender\"":{\""type\"":\""string\""}","\""phoneVerified\"":{\""type\"":\""boolean\""}","\""domicileMedium\"":{\""type\"":\""string\""}","\""mobile\"":{\""type\"":\""integer\""}","\""middlename\"":{\""type\"":\""string\""}","\""telephone\"":{\""type\"":\""string\""}","\""knownLanguages\"":{\""type\"":\""array\""","\""items\"":[{\""type\"":\""string\""}]}","\""personalEmail\"":{\""type\"":\""string\""}","\""postalAddress\"":{\""type\"":\""string\""}","\""nationality\"":{\""type\"":\""string\""}","\""surname\"":{\""type\"":\""string\""}","\""dob\"":{\""type\"":\""string\""}","\""countryCode\"":{\""type\"":\""string\""}","\""category\"":{\""type\"":\""string\""}","\""maritalStatus\"":{\""type\"":\""string\""}","\""primaryEmail\"":{\""type\"":\""string\""}","\""officialEmail\"":{\""type\"":\""string\""}}","\""required\"":[\""pincode\""","\""firstname\""","\""gender\""","\""domicileMedium\""","\""mobile\""","\""postalAddress\""","\""nationality\""","\""dob\""","\""primaryEmail\""]}","\""desiredTopics\"":{\""type\"":\""array\""","\""items\"":[{\""type\"":\""string\""}","{\""type\"":\""string\""}","{\""type\"":\""string\""}]}","\""id\"":{\""type\"":\""string\""}","\""mandatoryFieldsExists\"":{\""type\"":\""boolean\""}","\""interests\"":{\""type\"":\""object\""","\""properties\"":{\""hobbies\"":{\""type\"":\""array\""","\""items\"":{}}","\""professional\"":{\""type\"":\""array\""","\""items\"":{}}}","\""required\"":[]}}","\""required\"":[\""employmentDetails\""","\""professionalDetails\""","\""personalDetails\""]}""",,,,,,,,,,,,,,,,,,,,,,,,,,,,,,,,,,,,,,,,,,,,,,,,,,,,,,,,,,,,,,,,,,,,,,,,,,,,,,,,,,,,,,,,,,,,,,,,,,
wfUserRegServiceConfig,wfUserRegServiceConfig,"{\wfstates\"":[{\""state\"":\""INITIATE\""","\""isStartState\"":true","\""isLastState\"":false","\""isNotificationEnable\"":false","\""actions\"":[{\""action\"":\""INITIATE\""","\""nextState\"":\""WF_INITIATED\""","\""roles\"":[\""USER\""]}]}","{\""state\"":\""WF_INITIATED\""","\""isStartState\"":false","\""isLastState\"":false","\""isNotificationEnable\"":true","\""actions\"":[{\""action\"":\""APPROVE\""","\""nextState\"":\""WF_APPROVED\""","\""roles\"":[\""MDO_ADMIN\""]}","{\""action\"":\""REJECT\""","\""nextState\"":\""WF_DENIED\""","\""roles\"":[\""MDO_ADMIN\""]}]}","{\""state\"":\""WF_APPROVED\""","\""isStartState\"":false","\""isLastState\"":true","\""isNotificationEnable\"":true","\""actions\"":[]}","{\""state\"":\""WF_DENIED\""","\""isStartState\"":false","\""isLastState\"":true","\""isNotificationEnable\"":true","\""actions\"":[]}]}""",,,,,,,,,,,,,,,,,,,,,,,,,,,,,,,,,,,,,,,,,,,,,,,,,,,,,,,,,,,,,,,,,,,,,,,,,,,,,,,,,,,,,,,,,,,,,,,,,,,,,,,,,,,,,,,,,,,,,,,,,,,,,,,,,,,,,,,,,,,,,,,,,,,,,,,,,,,,,,,,,,,,,,,,,,,,,,,,,,,,,,,,,,,,,,,,,,,,,,,,,,,,,,,,,,,,,,,,,,,,,,,,,,,,,,,,,,
wfTaxonomyServiceConfig,wfTaxonomyServiceConfig,"{\wfstates\"":[{\""state\"":\""INITIATE\""","\""status\"":\""DRAFT\""","\""isStartState\"":true","\""isLastState\"":false","\""isNotificationEnable\"":false","\""actions\"":[{\""action\"":\""INITIATE\""","\""nextState\"":\""SEND_FOR_REVIEW_L1\""","\""roles\"":[\""USER\""]}]}","{\""state\"":\""SEND_FOR_REVIEW_L1\""","\""status\"":\""IN_REVIEW_L1\""","\""isStartState\"":false","\""isLastState\"":false","\""isNotificationEnable\"":false","\""actions\"":[{\""action\"":\""APPROVE\""","\""nextState\"":\""SEND_FOR_REVIEW_L2\""","\""roles\"":[\""MDO_ADMIN\""","\""ADMIN\""]}","{\""action\"":\""REJECT\""","\""nextState\"":\""REJECTED\""","\""roles\"":[\""MDO_ADMIN\""","\""ADMIN\""]}]}","{\""state\"":\""SEND_FOR_REVIEW_L2\""","\""status\"":\""IN_REVIEW_L2\""","\""isStartState\"":false","\""isLastState\"":false","\""isNotificationEnable\"":false","\""actions\"":[{\""action\"":\""APPROVE\""","\""nextState\"":\""SEND_FOR_PUBLISH\""","\""roles\"":[\""MDO_ADMIN\""","\""ADMIN\""]}","{\""action\"":\""REJECT\""","\""nextState\"":\""REJECTED\""","\""roles\"":[\""MDO_ADMIN\""","\""ADMIN\""]}]}","{\""state\"":\""SEND_FOR_PUBLISH\""","\""status\"":\""IN_REVIEW_PUBLISH\""","\""isStartState\"":false","\""isLastState\"":false","\""isNotificationEnable\"":false","\""actions\"":[{\""action\"":\""APPROVE\""","\""nextState\"":\""APPROVED\""","\""roles\"":[\""MDO_ADMIN\""","\""ADMIN\""]}","{\""action\"":\""REJECT\""","\""nextState\"":\""REJECTED\""","\""roles\"":[\""MDO_ADMIN\""","\""ADMIN\""]}]}","{\""state\"":\""APPROVED\""","\""status\"":\""APPROVED\""","\""isStartState\"":false","\""isLastState\"":true","\""isNotificationEnable\"":true}","{\""state\"":\""REJECTED\""","\""status\"":\""REJECTED\""","\""isStartState\"":false","\""isLastState\"":true","\""isNotificationEnable\"":true}]}""",,,,,,,,,,,,,,,,,,,,,,,,,,,,,,,,,,,,,,,,,,,,,,,,,,,,,,,,,,,,,,,,,,,,,,,,,,,,,,,,,,,,,,,,,,,,,,,,,,,,,,,,,,,,,,,,,,,,,,,,,,,,,,,,,,,,,,,,,,,,,,,,,,,,,,,,,,,,,,,,,,,,,,,,,,,,,,,,,,,,,,,,,,,,,,,,,,,,,,,,,,,,
emailUnique,emailUnique,TRUE,,,,,,,,,,,,,,,,,,,,,,,,,,,,,,,,,,,,,,,,,,,,,,,,,,,,,,,,,,,,,,,,,,,,,,,,,,,,,,,,,,,,,,,,,,,,,,,,,,,,,,,,,,,,,,,,,,,,,,,,,,,,,,,,,,,,,,,,,,,,,,,,,,,,,,,,,,,,,,,,,,,,,,,,,,,,,,,,,,,,,,,,,,,,,,,,,,,,,,,,,,,,,,,,,,,,,,,,,,,,,,,,,,,,,,,,,,,,,,,,,,,,,,,,,,,,,,,,,,,,
verifiedProfileDetails,verifiedProfileDetails,"{\$schema\"":\""http://json-schema.org/draft-04/schema#\""","\""type\"":\""object\""","\""properties\"":{\""employmentDetails\"":{\""type\"":\""object\""","\""properties\"":{\""allotmentYearOfService\"":{\""type\"":\""string\""}","\""departmentName\"":{\""type\"":\""string\""}","\""payType\"":{\""type\"":\""string\""}","\""civilListNo\"":{\""type\"":\""string\""}","\""service\"":{\""type\"":\""string\""}","\""officialPostalAddress\"":{\""type\"":\""string\""}","\""pinCode\"":{\""type\"":\""string\""}","\""cadre\"":{\""type\"":\""string\""}","\""employeeCode\"":{\""type\"":\""string\""}}","\""required\"":[\""departmentName\""]}","\""photo\"":{\""type\"":\""string\""}","\""academics\"":{\""type\"":\""array\""","\""items\"":[{\""type\"":\""object\""","\""properties\"":{\""nameOfQualification\"":{\""type\"":\""string\""}","\""yearOfPassing\"":{\""type\"":\""string\""}","\""nameOfInstitute\"":{\""type\"":\""string\""}","\""osid\"":{\""type\"":\""string\""}","\""type\"":{\""type\"":\""string\""}}","\""required\"":[]}]}","\""competencies\"":{\""type\"":\""array\""","\""items\"":[{\""type\"":\""object\""","\""properties\"":{\""competencyCBPCompletionLevelName\"":{\""type\"":\""string\""}","\""name\"":{\""type\"":\""string\""}","\""description\"":{\""type\"":\""string\""}","\""competencyCBPCompletionLevelValue\"":{\""type\"":\""string\""}","\""id\"":{\""type\"":\""string\""}","\""source\"":{\""type\"":\""string\""}","\""osid\"":{\""type\"":\""string\""}","\""type\"":{\""type\"":\""string\""}","\""competencyCBPCompletionLevel\"":{\""type\"":\""string\""}}","\""required\"":[]}","{\""type\"":\""object\""","\""properties\"":{\""competencyType\"":{\""type\"":\""string\""}","\""competencySelfAttestedLevel\"":{\""type\"":\""integer\""}","\""name\"":{\""type\"":\""string\""}","\""description\"":{\""type\"":\""string\""}","\""id\"":{\""type\"":\""string\""}","\""source\"":{\""type\"":\""string\""}","\""osid\"":{\""type\"":\""string\""}","\""type\"":{\""type\"":\""string\""}","\""competencySelfAttestedLevelValue\"":{\""type\"":\""string\""}","\""status\"":{\""type\"":\""string\""}}","\""required\"":[]}]}","\""userId\"":{\""type\"":\""string\""}","\""skills\"":{\""type\"":\""object\""","\""properties\"":{\""certificateDetails\"":{\""type\"":\""string\""}","\""additionalSkills\"":{\""type\"":\""string\""}}","\""required\"":[]}","\""userRoles\"":{\""type\"":\""array\""","\""items\"":[{\""type\"":\""object\""","\""properties\"":{\""description\"":{\""type\"":\""string\""}","\""designationOther\"":{\""type\"":\""string\""}","\""industry\"":{\""type\"":\""string\""}","\""osid\"":{\""type\"":\""string\""}","\""nameOther\"":{\""type\"":\""string\""}","\""organisationType\"":{\""type\"":\""string\""}","\""activities\"":{\""type\"":\""array\""","\""items\"":[{\""type\"":\""object\""","\""properties\"":{\""name\"":{\""type\"":\""string\""}}","\""required\"":[]}]}","\""name\"":{\""type\"":\""string\""}","\""location\"":{\""type\"":\""string\""}","\""designation\"":{\""type\"":\""string\""}","\""industryOther\"":{\""type\"":\""string\""}","\""completePostalAddress\"":{\""type\"":\""string\""}","\""doj\"":{\""type\"":\""string\""}","\""additionalAttributes\"":{\""type\"":\""object\""}}","\""required\"":[]}","{\""type\"":\""object\""","\""properties\"":{\""activities\"":{\""type\"":\""array\""","\""items\"":[{\""type\"":\""object\""","\""properties\"":{\""name\"":{\""type\"":\""string\""}}","\""required\"":[\""name\""]}]}","\""name\"":{\""type\"":\""string\""}","\""description\"":{\""type\"":\""string\""}","\""designationOther\"":{\""type\"":\""string\""}","\""industry\"":{\""type\"":\""string\""}","\""osid\"":{\""type\"":\""string\""}","\""designation\"":{\""type\"":\""string\""}","\""nameOther\"":{\""type\"":\""string\""}","\""industryOther\"":{\""type\"":\""string\""}","\""completePostalAddress\"":{\""type\"":\""string\""}","\""doj\"":{\""type\"":\""string\""}","\""additionalAttributes\"":{\""type\"":\""object\""}}","\""required\"":[]}","{\""type\"":\""object\""","\""properties\"":{\""activities\"":{\""type\"":\""array\""","\""items\"":[{\""type\"":\""object\""","\""properties\"":{\""name\"":{\""type\"":\""string\""}}","\""required\"":[]}","{\""type\"":\""object\""","\""properties\"":{\""name\"":{\""type\"":\""string\""}}","\""required\"":[]}]}","\""name\"":{\""type\"":\""string\""}","\""osid\"":{\""type\"":\""string\""}}","\""required\"":[]}]}","\""professionalDetails\"":{\""type\"":\""array\""","\""items\"":[{\""type\"":\""object\""","\""properties\"":{\""description\"":{\""type\"":\""string\""}","\""designationOther\"":{\""type\"":\""string\""}","\""industry\"":{\""type\"":\""string\""}","\""location\"":{\""type\"":\""string\""}","\""osid\"":{\""type\"":\""string\""}","\""designation\"":{\""type\"":\""string\""}","\""nameOther\"":{\""type\"":\""string\""}","\""industryOther\"":{\""type\"":\""string\""}","\""completePostalAddress\"":{\""type\"":\""string\""}","\""doj\"":{\""type\"":\""string\""}","\""additionalAttributes\"":{\""type\"":\""object\""}","\""organisationType\"":{\""type\"":\""string\""}}","\""required\"":[\""description\""","\""industry\""","\""location\""","\""designation\""","\""doj\""]}]}","\""personalDetails\"":{\""type\"":\""object\""","\""properties\"":{\""pincode\"":{\""type\"":\""string\""}","\""firstname\"":{\""type\"":\""string\""}","\""gender\"":{\""type\"":\""string\""}","\""phoneVerified\"":{\""type\"":\""boolean\""}","\""domicileMedium\"":{\""type\"":\""string\""}","\""mobile\"":{\""type\"":\""integer\""}","\""middlename\"":{\""type\"":\""string\""}","\""telephone\"":{\""type\"":\""string\""}","\""knownLanguages\"":{\""type\"":\""array\""","\""items\"":[{\""type\"":\""string\""}]}","\""personalEmail\"":{\""type\"":\""string\""}","\""postalAddress\"":{\""type\"":\""string\""}","\""nationality\"":{\""type\"":\""string\""}","\""surname\"":{\""type\"":\""string\""}","\""dob\"":{\""type\"":\""string\""}","\""countryCode\"":{\""type\"":\""string\""}","\""category\"":{\""type\"":\""string\""}","\""maritalStatus\"":{\""type\"":\""string\""}","\""primaryEmail\"":{\""type\"":\""string\""}","\""officialEmail\"":{\""type\"":\""string\""}}","\""required\"":[\""pincode\""","\""firstname\""","\""gender\""","\""domicileMedium\""","\""mobile\""","\""postalAddress\""","\""nationality\""","\""dob\""","\""primaryEmail\""]}","\""desiredTopics\"":{\""type\"":\""array\""","\""items\"":[{\""type\"":\""string\""}","{\""type\"":\""string\""}","{\""type\"":\""string\""}]}","\""id\"":{\""type\"":\""string\""}","\""mandatoryFieldsExists\"":{\""type\"":\""boolean\""}","\""interests\"":{\""type\"":\""object\""","\""properties\"":{\""hobbies\"":{\""type\"":\""array\""","\""items\"":{}}","\""professional\"":{\""type\"":\""array\""","\""items\"":{}}}","\""required\"":[]}}","\""required\"":[\""employmentDetails\""","\""professionalDetails\""","\""personalDetails\""]}""",,,,,,,,,,,,,,,,,,,,,,,,,,,,,,,,,,,,,,,,,,,,,,,,,,,,,,,,,,,,,,,,,,,,,,,,,,,,,,,,,,,,,,,,,,,,,,,,,,
verifiedProfileFields,verifiedProfileFields,"{\$schema\"":\""http://json-schema.org/draft-04/schema#\""","\""type\"":\""object\""","\""properties\"":{\""employmentDetails\"":{\""type\"":\""object\""","\""properties\"":{\""allotmentYearOfService\"":{\""type\"":\""string\""}","\""departmentName\"":{\""type\"":\""string\""}","\""payType\"":{\""type\"":\""string\""}","\""civilListNo\"":{\""type\"":\""string\""}","\""service\"":{\""type\"":\""string\""}","\""officialPostalAddress\"":{\""type\"":\""string\""}","\""pinCode\"":{\""type\"":\""string\""}","\""cadre\"":{\""type\"":\""string\""}","\""employeeCode\"":{\""type\"":\""string\""}}","\""required\"":[\""departmentName\""]}","\""photo\"":{\""type\"":\""string\""}","\""academics\"":{\""type\"":\""array\""","\""items\"":[{\""type\"":\""object\""","\""properties\"":{\""nameOfQualification\"":{\""type\"":\""string\""}","\""yearOfPassing\"":{\""type\"":\""string\""}","\""nameOfInstitute\"":{\""type\"":\""string\""}","\""osid\"":{\""type\"":\""string\""}","\""type\"":{\""type\"":\""string\""}}","\""required\"":[]}]}","\""competencies\"":{\""type\"":\""array\""","\""items\"":[{\""type\"":\""object\""","\""properties\"":{\""competencyCBPCompletionLevelName\"":{\""type\"":\""string\""}","\""name\"":{\""type\"":\""string\""}","\""description\"":{\""type\"":\""string\""}","\""competencyCBPCompletionLevelValue\"":{\""type\"":\""string\""}","\""id\"":{\""type\"":\""string\""}","\""source\"":{\""type\"":\""string\""}","\""osid\"":{\""type\"":\""string\""}","\""type\"":{\""type\"":\""string\""}","\""competencyCBPCompletionLevel\"":{\""type\"":\""string\""}}","\""required\"":[]}","{\""type\"":\""object\""","\""properties\"":{\""competencyType\"":{\""type\"":\""string\""}","\""competencySelfAttestedLevel\"":{\""type\"":\""integer\""}","\""name\"":{\""type\"":\""string\""}","\""description\"":{\""type\"":\""string\""}","\""id\"":{\""type\"":\""string\""}","\""source\"":{\""type\"":\""string\""}","\""osid\"":{\""type\"":\""string\""}","\""type\"":{\""type\"":\""string\""}","\""competencySelfAttestedLevelValue\"":{\""type\"":\""string\""}","\""status\"":{\""type\"":\""string\""}}","\""required\"":[]}]}","\""userId\"":{\""type\"":\""string\""}","\""skills\"":{\""type\"":\""object\""","\""properties\"":{\""certificateDetails\"":{\""type\"":\""string\""}","\""additionalSkills\"":{\""type\"":\""string\""}}","\""required\"":[]}","\""userRoles\"":{\""type\"":\""array\""","\""items\"":[{\""type\"":\""object\""","\""properties\"":{\""description\"":{\""type\"":\""string\""}","\""designationOther\"":{\""type\"":\""string\""}","\""industry\"":{\""type\"":\""string\""}","\""osid\"":{\""type\"":\""string\""}","\""nameOther\"":{\""type\"":\""string\""}","\""organisationType\"":{\""type\"":\""string\""}","\""activities\"":{\""type\"":\""array\""","\""items\"":[{\""type\"":\""object\""","\""properties\"":{\""name\"":{\""type\"":\""string\""}}","\""required\"":[]}]}","\""name\"":{\""type\"":\""string\""}","\""location\"":{\""type\"":\""string\""}","\""designation\"":{\""type\"":\""string\""}","\""group\"":{\""type\"":\""string\""}","\""industryOther\"":{\""type\"":\""string\""}","\""completePostalAddress\"":{\""type\"":\""string\""}","\""doj\"":{\""type\"":\""string\""}","\""additionalAttributes\"":{\""type\"":\""object\""}}","\""required\"":[]}","{\""type\"":\""object\""","\""properties\"":{\""activities\"":{\""type\"":\""array\""","\""items\"":[{\""type\"":\""object\""","\""properties\"":{\""name\"":{\""type\"":\""string\""}}","\""required\"":[\""name\""]}]}","\""name\"":{\""type\"":\""string\""}","\""description\"":{\""type\"":\""string\""}","\""designationOther\"":{\""type\"":\""string\""}","\""industry\"":{\""type\"":\""string\""}","\""osid\"":{\""type\"":\""string\""}","\""designation\"":{\""type\"":\""string\""}","\""nameOther\"":{\""type\"":\""string\""}","\""industryOther\"":{\""type\"":\""string\""}","\""completePostalAddress\"":{\""type\"":\""string\""}","\""doj\"":{\""type\"":\""string\""}","\""additionalAttributes\"":{\""type\"":\""object\""}}","\""required\"":[]}","{\""type\"":\""object\""","\""properties\"":{\""activities\"":{\""type\"":\""array\""","\""items\"":[{\""type\"":\""object\""","\""properties\"":{\""name\"":{\""type\"":\""string\""}}","\""required\"":[]}","{\""type\"":\""object\""","\""properties\"":{\""name\"":{\""type\"":\""string\""}}","\""required\"":[]}]}","\""name\"":{\""type\"":\""string\""}","\""osid\"":{\""type\"":\""string\""}}","\""required\"":[]}]}","\""professionalDetails\"":{\""type\"":\""array\""","\""items\"":[{\""type\"":\""object\""","\""properties\"":{\""description\"":{\""type\"":\""string\""}","\""designationOther\"":{\""type\"":\""string\""}","\""industry\"":{\""type\"":\""string\""}","\""location\"":{\""type\"":\""string\""}","\""osid\"":{\""type\"":\""string\""}","\""designation\"":{\""type\"":\""string\""}","\""nameOther\"":{\""type\"":\""string\""}","\""industryOther\"":{\""type\"":\""string\""}","\""completePostalAddress\"":{\""type\"":\""string\""}","\""doj\"":{\""type\"":\""string\""}","\""additionalAttributes\"":{\""type\"":\""object\""}","\""organisationType\"":{\""type\"":\""string\""}}","\""required\"":[\""description\""","\""industry\""","\""location\""","\""designation\""","\""doj\""]}]}","\""personalDetails\"":{\""type\"":\""object\""","\""properties\"":{\""pincode\"":{\""type\"":\""string\""}","\""firstname\"":{\""type\"":\""string\""}","\""gender\"":{\""type\"":\""string\""}","\""phoneVerified\"":{\""type\"":\""boolean\""}","\""domicileMedium\"":{\""type\"":\""string\""}","\""Mobile\"":{\""type\"":\""number\""","\""pattern\"":\""(0/91)?[7-9][0-9]{9}\""}","\""middlename\"":{\""type\"":\""string\""}","\""telephone\"":{\""type\"":\""string\""}","\""knownLanguages\"":{\""type\"":\""array\""","\""items\"":[{\""type\"":\""string\""}]}","\""personalEmail\"":{\""type\"":\""string\""}","\""postalAddress\"":{\""type\"":\""string\""}","\""nationality\"":{\""type\"":\""string\""}","\""dob\"":{\""type\"":\""string\""}","\""countryCode\"":{\""type\"":\""string\""}","\""category\"":{\""type\"":\""string\""}","\""maritalStatus\"":{\""type\"":\""string\""}","\""primaryEmail\"":{\""type\"":\""string\""}","\""officialEmail\"":{\""type\"":\""string\""}}","\""required\"":[\""pincode\""","\""firstname\""","\""gender\""","\""domicileMedium\""","\""mobile\""","\""postalAddress\""","\""nationality\""","\""dob\""","\""primaryEmail\""]}","\""verifiedKarmayogi\"":{\""type\"":\""boolean\""}","\""desiredTopics\"":{\""type\"":\""array\""","\""items\"":[{\""type\"":\""string\""}","{\""type\"":\""string\""}","{\""type\"":\""string\""}]}","\""id\"":{\""type\"":\""string\""}","\""interests\"":{\""type\"":\""object\""","\""properties\"":{\""hobbies\"":{\""type\"":\""array\""","\""items\"":{}}","\""professional\"":{\""type\"":\""array\""","\""items\"":{}}}","\""required\"":[]}}","\""required\"":[\""employmentDetails\""","\""professionalDetails\""","\""personalDetails\""]}""",,,,,,,,,,,,,,,,,,,,,,,,,,,,,,,,,,,,,,,,,,,,,,,,,,,,,,,,,,,,,,,,,,,,,,,,,,,,,,,,,,,,,,,,,,,,,,,,,
phoneUnique,phoneUnique,TRUE,,,,,,,,,,,,,,,,,,,,,,,,,,,,,,,,,,,,,,,,,,,,,,,,,,,,,,,,,,,,,,,,,,,,,,,,,,,,,,,,,,,,,,,,,,,,,,,,,,,,,,,,,,,,,,,,,,,,,,,,,,,,,,,,,,,,,,,,,,,,,,,,,,,,,,,,,,,,,,,,,,,,,,,,,,,,,,,,,,,,,,,,,,,,,,,,,,,,,,,,,,,,,,,,,,,,,,,,,,,,,,,,,,,,,,,,,,,,,,,,,,,,,,,,,,,,,,,,,,,,
orgProfileConfig,orgProfileConfig,"{\csv\"":{\""supportedColumns\"":{\""SCHOOL NAME\"":\""orgName\""","\""BLOCK CODE\"":\""locationCode\""","\""STATUS\"":\""status\""","\""SCHOOL ID\"":\""organisationId\""","\""EXTERNAL ID\"":\""externalId\""","\""DESCRIPTION\"":\""description\""","\""ORGANISATION TYPE\"":\""organisationType\""","\""ORGANISATION SUB TYPE\"":\""organisationSubType\""}","\""outputColumns\"":{\""organisationId\"":\""SCHOOL ID\""","\""orgName\"":\""SCHOOL NAME\""","\""locationCode\"":\""BLOCK CODE\""","\""locationName\"":\""BLOCK NAME\""","\""externalId\"":\""EXTERNAL ID\""","\""organisationType\"":\""organisationType\""","\""organisationSubType\"":\""organisationSubType\""}","\""outputColumnsOrder\"":[\""organisationId\""","\""orgName\""","\""locationCode\""","\""locationName\""","\""externalId\""","\""organisationType\""","\""organisationSubType\""]","\""mandatoryColumns\"":[\""orgName\""","\""locationCode\""","\""status\""]}}""",,,,,,,,,,,,,,,,,,,,,,,,,,,,,,,,,,,,,,,,,,,,,,,,,,,,,,,,,,,,,,,,,,,,,,,,,,,,,,,,,,,,,,,,,,,,,,,,,,,,,,,,,,,,,,,,,,,,,,,,,,,,,,,,,,,,,,,,,,,,,,,,,,,,,,,,,,,,,,,,,,,,,,,,,,,,,,,,,,,,,,,,,,,,,,,,,,,,,,,,,,,,,,,,,,,,,,,,,,,,,,,,,,,,,,,,,,,,
wfOrgServiceConfig,wfOrgServiceConfig,"{\wfstates\"":[{\""state\"":\""INITIATE\""","\""isStartState\"":true","\""isLastState\"":false","\""isNotificationEnable\"":false","\""actions\"":[{\""action\"":\""INITIATE\""","\""nextState\"":\""IN_PROGRESS\""","\""roles\"":[\""USER\""]}]}","{\""state\"":\""IN_PROGRESS\""","\""isStartState\"":false","\""isLastState\"":false","\""isNotificationEnable\"":false","\""actions\"":[{\""action\"":\""APPROVE\""","\""nextState\"":\""APPROVED\""","\""roles\"":[\""MDO_ADMIN\""","\""ADMIN\""]}","{\""action\"":\""REJECT\""","\""nextState\"":\""REJECTED\""","\""roles\"":[\""MDO_ADMIN\""","\""ADMIN\""]}]}","{\""state\"":\""APPROVED\""","\""isStartState\"":false","\""isLastState\"":true","\""isNotificationEnable\"":true}","{\""state\"":\""REJECTED\""","\""isStartState\"":false","\""isLastState\"":true","\""isNotificationEnable\"":true}]}""",,,,,,,,,,,,,,,,,,,,,,,,,,,,,,,,,,,,,,,,,,,,,,,,,,,,,,,,,,,,,,,,,,,,,,,,,,,,,,,,,,,,,,,,,,,,,,,,,,,,,,,,,,,,,,,,,,,,,,,,,,,,,,,,,,,,,,,,,,,,,,,,,,,,,,,,,,,,,,,,,,,,,,,,,,,,,,,,,,,,,,,,,,,,,,,,,,,,,,,,,,,,,,,,,,,,,,,,,,,,,,,,,,,,,,,,,,
custodianOrgId,custodianOrgId,1.31397E+17,,,,,,,,,,,,,,,,,,,,,,,,,,,,,,,,,,,,,,,,,,,,,,,,,,,,,,,,,,,,,,,,,,,,,,,,,,,,,,,,,,,,,,,,,,,,,,,,,,,,,,,,,,,,,,,,,,,,,,,,,,,,,,,,,,,,,,,,,,,,,,,,,,,,,,,,,,,,,,,,,,,,,,,,,,,,,,,,,,,,,,,,,,,,,,,,,,,,,,,,,,,,,,,,,,,,,,,,,,,,,,,,,,,,,,,,,,,,,,,,,,,,,,,,,,,,,,,,,,,,
smsTemplateConfig,smsTemplateConfig,"{\""NIC\"":{\""Your OTP for $installationName is $otp. This OTP will expire in $otpExpiryInMinutes minutes. Team Karmayogi Bharat\"":\""1307166626505700145\""}}",,,,,,,,,,,,,,,,,,,,,,,,,,,,,,,,,,,,,,,,,,,,,,,,,,,,,,,,,,,,,,,,,,,,,,,,,,,,,,,,,,,,,,,,,,,,,,,,,,,,,,,,,,,,,,,,,,,,,,,,,,,,,,,,,,,,,,,,,,,,,,,,,,,,,,,,,,,,,,,,,,,,,,,,,,,,,,,,,,,,,,,,,,,,,,,,,,,,,,,,,,,,,,,,,,,,,,,,,,,,,,,,,,,,,,,,,,,,,,,,,,,,,,,,,,,,,,,,,,,,
wfPositionServiceConfig,wfPositionServiceConfig,"{\wfstates\"":[{\""state\"":\""INITIATE\""","\""isStartState\"":true","\""isLastState\"":false","\""isNotificationEnable\"":false","\""actions\"":[{\""action\"":\""INITIATE\""","\""nextState\"":\""IN_PROGRESS\""","\""roles\"":[\""USER\""]}]}","{\""state\"":\""IN_PROGRESS\""","\""isStartState\"":false","\""isLastState\"":false","\""isNotificationEnable\"":false","\""actions\"":[{\""action\"":\""APPROVE\""","\""nextState\"":\""APPROVED\""","\""roles\"":[\""MDO_ADMIN\""","\""ADMIN\""]}","{\""action\"":\""REJECT\""","\""nextState\"":\""REJECTED\""","\""roles\"":[\""MDO_ADMIN\""","\""ADMIN\""]}]}","{\""state\"":\""APPROVED\""","\""isStartState\"":false","\""isLastState\"":true","\""isNotificationEnable\"":true}","{\""state\"":\""REJECTED\""","\""isStartState\"":false","\""isLastState\"":true","\""isNotificationEnable\"":true}]}""",,,,,,,,,,,,,,,,,,,,,,,,,,,,,,,,,,,,,,,,,,,,,,,,,,,,,,,,,,,,,,,,,,,,,,,,,,,,,,,,,,,,,,,,,,,,,,,,,,,,,,,,,,,,,,,,,,,,,,,,,,,,,,,,,,,,,,,,,,,,,,,,,,,,,,,,,,,,,,,,,,,,,,,,,,,,,,,,,,,,,,,,,,,,,,,,,,,,,,,,,,,,,,,,,,,,,,,,,,,,,,,,,,,,,,,,,,
workflowProfileConfig,workflowProfileConfig,"{  \wfstates\"": [    {      \""state\"": \""INITIATE\""","      \""isStartState\"": true","      \""isLastState\"": false","      \""isNotificationEnable\"" : false","      \""actions\"": [        {          \""action\"": \""INITIATE\""","          \""nextState\"": \""SEND_FOR_APPROVAL\""","          \""roles\"": [            \""USER\""          ]        }      ]    }","    {      \""state\"": \""SEND_FOR_APPROVAL\""","      \""isStartState\"": false","      \""isLastState\"": false","      \""isNotificationEnable\"" : false","      \""actions\"": [        {          \""action\"": \""APPROVE\""","          \""nextState\"": \""APPROVED\""","          \""roles\"": [            \""MDO_ADMIN\""","            \""ADMIN\""          ]        }","        {          \""action\"": \""REJECT\""","          \""nextState\"": \""REJECTED\""","          \""roles\"": [            \""MDO_ADMIN\""","            \""ADMIN\""          ]        }      ]    }","    {      \""state\"": \""APPROVED\""","      \""isStartState\"": false","      \""isLastState\"": true","      \""isNotificationEnable\"" : true    }","    {      \""state\"": \""REJECTED\""","      \""isStartState\"": false","      \""isLastState\"": true","      \""isNotificationEnable\"" : true    }  ]}""",,,,,,,,,,,,,,,,,,,,,,,,,,,,,,,,,,,,,,,,,,,,,,,,,,,,,,,,,,,,,,,,,,,,,,,,,,,,,,,,,,,,,,,,,,,,,,,,,,,,,,,,,,,,,,,,,,,,,,,,,,,,,,,,,,,,,,,,,,,,,,,,,,,,,,,,,,,,,,,,,,,,,,,,,,,,,,,,,,,,,,,,,,,,,,,,,,,,,,,,,,,,,,,,,,,,,,,,,,,,,,,,,,,,,,,,,,
shadowdbmandatorycolumn,shadowdbmandatorycolumn,"{\csv\"":{\""supportedColumns\"":[\""phone\""","\""email\""","\""Name\""","\""Ext Org ID\""","\""Ext User ID\""","\""Input Status\""]","\""mandatoryFields\"":[\""email\""","\""phone\""","\""Name\""","\""Ext User ID\""","\""Input Status\""]}}""",,,,,,,,,,,,,,,,,,,,,,,,,,,,,,,,,,,,,,,,,,,,,,,,,,,,,,,,,,,,,,,,,,,,,,,,,,,,,,,,,,,,,,,,,,,,,,,,,,,,,,,,,,,,,,,,,,,,,,,,,,,,,,,,,,,,,,,,,,,,,,,,,,,,,,,,,,,,,,,,,,,,,,,,,,,,,,,,,,,,,,,,,,,,,,,,,,,,,,,,,,,,,,,,,,,,,,,,,,,,,,,,,,,,,,,,,,,,,,,,,,,,,,,,,,
orgTypeConfig,orgTypeConfig,"{\fields\"":[{\""name\"":\""School\""","\""value\"":2","\""description\"":\""\""","\""displayName\"":\""School\""","\""flagNameList\"":[\""isSchool\""]}","{\""name\"":\""Board\""","\""value\"":5","\""description\"":\""\""","\""displayName\"":\""Board\""","\""flagNameList\"":[\""isBoard\""]}","{\""name\"":\""Department\""","\""value\"":8","\""description\"":\""\""","\""displayName\"":\""Department\""","\""flagNameList\"":[\""isDepartment\""]}","{\""name\"":\""Ministry\""","\""value\"":16","\""description\"":\""\""","\""displayName\"":\""Ministry\""","\""flagNameList\"":[\""isMinistry\""]}","{\""name\"":\""GovtAffiliated\""","\""value\"":32","\""description\"":\""\""","\""displayName\"":\""Govt.Affiliated\""","\""flagNameList\"":[\""isGovtAffiliated\""]}","{\""name\"":\""External\""","\""value\"":64","\""description\"":\""\""","\""displayName\"":\""External\""","\""flagNameList\"":[\""isExternal\""]}","{\""name\"":\""MDO\""","\""value\"":128","\""description\"":\""\""","\""displayName\"":\""MDO\""","\""flagNameList\"":[\""isMdo\""","\""isCbp\""]}","{\""name\"":\""CBP\""","\""value\"":256","\""description\"":\""\""","\""displayName\"":\""CBP\""","\""flagNameList\"":[\""isCbp\""]}","{\""name\"":\""SPV\""","\""value\"":512","\""description\"":\""\""","\""displayName\"":\""SPV\""","\""flagNameList\"":[\""isSpv\""]}","{\""name\"":\""CBC\""","\""value\"":1024","\""description\"":\""\""","\""displayName\"":\""Capacity Building Commission\""","\""flagNameList\"":[\""isCbc\""]}","{\""name\"":\""STATE\""","\""value\"":2048","\""description\"":\""\""","\""displayName\"":\""State Government\""","\""flagNameList\"":[\""isState\""]}","{\""name\"":\""TrainingInstitute\""","\""value\"":4096","\""description\"":\""\""","\""displayName\"":\""Training Institute\""","\""flagNameList\"":[\""isInstitute\""]}]}""",,,,,,,,,,,,,,,,,,,,,,,,,,,,,,,,,,,,,,,,,,,,,,,,,,,,,,,,,,,,,,,,,,,,,,,,,,,,,,,,,,,,,,,,,,,,,,,,,,,,,,,,,,,,,,,,,,,,,,,,,,,,,,,,,,,,,,,,,,,,,,,,,,,,,,,,,,,,,,,,,,,,,,,,,,,,,,,,,,,,,,,,,,,,,,,,,,,,,,,,
